----------------------------------- Tabela matches -----------------------------------

CREATE TABLE matches (
    match_id BIGINT PRIMARY KEY,
    event_name VARCHAR(255),
    maps VARCHAR(10),
    match_time TIMESTAMP,
    team1_name VARCHAR(100),
    team1_result INT,
    team2_name VARCHAR(100),
    team2_result INT
);

INSERT INTO matches VALUES
(1, 'IEM Katowice 2025', 'Mirage', '2025-01-10 14:00:00', 'Faze Clan', 16, 'NaVi', 12),
(2, 'IEM Katowice 2025', 'Inferno', '2025-01-10 15:30:00', 'G2 Esports', 14, 'Vitality', 16),
(3, 'IEM Katowice 2025', 'Dust2', '2025-01-11 12:00:00', 'Heroic', 16, 'Furia', 9),
(4, 'IEM Katowice 2025', 'Nuke', '2025-01-11 13:45:00', 'Cloud9', 10, 'MIBR', 16),
(5, 'IEM Katowice 2025', 'Vertigo', '2025-01-12 11:00:00', 'Team Spirit', 16, 'Astralis', 14),
(6, 'ESL Pro League S19', 'Overpass', '2025-02-05 09:00:00', 'NaVi', 16, 'G2 Esports', 11),
(7, 'ESL Pro League S19', 'Ancient', '2025-02-05 10:30:00', 'Vitality', 13, 'Faze Clan', 16),
(8, 'ESL Pro League S19', 'Anubis', '2025-02-06 08:00:00', 'Furia', 16, 'Cloud9', 8),
(9, 'ESL Pro League S19', 'Cache', '2025-02-06 09:45:00', 'MIBR', 7, 'Heroic', 16),
(10, 'ESL Pro League S19', 'Train', '2025-02-07 07:00:00', 'Astralis', 16, 'Team Spirit', 10),
(11, 'Blast Premier 2025', 'Mirage', '2025-03-15 16:00:00', 'Faze Clan', 16, 'Vitality', 14),
(12, 'Blast Premier 2025', 'Inferno', '2025-03-15 17:30:00', 'NaVi', 16, 'G2 Esports', 9),
(13, 'Blast Premier 2025', 'Dust2', '2025-03-16 15:00:00', 'Heroic', 11, 'Furia', 16),
(14, 'Blast Premier 2025', 'Nuke', '2025-03-16 16:45:00', 'Cloud9', 16, 'MIBR', 12),
(15, 'Blast Premier 2025', 'Vertigo', '2025-03-17 14:00:00', 'Team Spirit', 16, 'Astralis', 13),
(16, 'PGL Major 2025', 'Overpass', '2025-04-20 10:00:00', 'Faze Clan', 16, 'NaVi', 10),
(17, 'PGL Major 2025', 'Ancient', '2025-04-20 11:30:00', 'G2 Esports', 16, 'Vitality', 7),
(18, 'PGL Major 2025', 'Anubis', '2025-04-21 09:00:00', 'Heroic', 14, 'Cloud9', 16),
(19, 'PGL Major 2025', 'Cache', '2025-04-21 10:45:00', 'Furia', 16, 'MIBR', 5),
(20, 'PGL Major 2025', 'Train', '2025-04-22 08:00:00', 'Astralis', 16, 'Team Spirit', 11),
(21, 'IEM Cologne 2025', 'Mirage', '2025-05-12 13:00:00', 'Faze Clan', 16, 'G2 Esports', 12),
(22, 'IEM Cologne 2025', 'Inferno', '2025-05-12 14:30:00', 'NaVi', 16, 'Vitality', 9),
(23, 'IEM Cologne 2025', 'Dust2', '2025-05-13 12:00:00', 'Heroic', 16, 'Team Spirit', 14),
(24, 'IEM Cologne 2025', 'Nuke', '2025-05-13 13:45:00', 'Cloud9', 16, 'Astralis', 10),
(25, 'IEM Cologne 2025', 'Vertigo', '2025-05-14 11:00:00', 'Furia', 16, 'MIBR', 8),
(26, 'ESL One 2025', 'Overpass', '2025-06-08 15:00:00', 'Faze Clan', 16, 'Vitality', 13),
(27, 'ESL One 2025', 'Ancient', '2025-06-08 16:30:00', 'NaVi', 16, 'G2 Esports', 11),
(28, 'ESL One 2025', 'Anubis', '2025-06-09 14:00:00', 'Heroic', 16, 'Furia', 7),
(29, 'ESL One 2025', 'Cache', '2025-06-09 15:45:00', 'Cloud9', 16, 'MIBR', 9),
(30, 'ESL One 2025', 'Train', '2025-06-10 13:00:00', 'Astralis', 16, 'Team Spirit', 12),
(31, 'Blast World Final 2025', 'Mirage', '2025-07-22 18:00:00', 'Faze Clan', 16, 'NaVi', 14),
(32, 'Blast World Final 2025', 'Inferno', '2025-07-22 19:30:00', 'G2 Esports', 16, 'Vitality', 10),
(33, 'Blast World Final 2025', 'Dust2', '2025-07-23 17:00:00', 'Heroic', 16, 'Cloud9', 8),
(34, 'Blast World Final 2025', 'Nuke', '2025-07-23 18:45:00', 'Furia', 16, 'Astralis', 12),
(35, 'Blast World Final 2025', 'Vertigo', '2025-07-24 16:00:00', 'Team Spirit', 16, 'MIBR', 6),
(36, 'IEM Rio 2025', 'Overpass', '2025-08-14 20:00:00', 'Faze Clan', 16, 'G2 Esports', 9),
(37, 'IEM Rio 2025', 'Ancient', '2025-08-14 21:30:00', 'NaVi', 16, 'Vitality', 14),
(38, 'IEM Rio 2025', 'Anubis', '2025-08-15 19:00:00', 'Heroic', 16, 'Team Spirit', 11),
(39, 'IEM Rio 2025', 'Cache', '2025-08-15 20:45:00', 'Cloud9', 16, 'Furia', 13),
(40, 'IEM Rio 2025', 'Train', '2025-08-16 18:00:00', 'Astralis', 16, 'MIBR', 7),
(41, 'Thunderpick WC 2025', 'Mirage', '2025-09-05 12:00:00', 'Faze Clan', 16, 'Vitality', 10),
(42, 'Thunderpick WC 2025', 'Inferno', '2025-09-05 13:30:00', 'NaVi', 16, 'G2 Esports', 8),
(43, 'Thunderpick WC 2025', 'Dust2', '2025-09-06 11:00:00', 'Heroic', 16, 'Cloud9', 12),
(44, 'Thunderpick WC 2025', 'Nuke', '2025-09-06 12:45:00', 'Furia', 16, 'Astralis', 14),
(45, 'Thunderpick WC 2025', 'Vertigo', '2025-09-07 10:00:00', 'Team Spirit', 16, 'MIBR', 9),
(46, 'Gamers8 2025', 'Overpass', '2025-10-10 22:00:00', 'Faze Clan', 16, 'NaVi', 13),
(47, 'Gamers8 2025', 'Ancient', '2025-10-10 23:30:00', 'G2 Esports', 16, 'Vitality', 11),
(48, 'Gamers8 2025', 'Anubis', '2025-10-11 21:00:00', 'Heroic', 16, 'Furia', 7),
(49, 'Gamers8 2025', 'Cache', '2025-10-11 22:45:00', 'Cloud9', 16, 'Team Spirit', 14),
(50, 'Gamers8 2025', 'Train', '2025-10-12 20:00:00', 'Astralis', 16, 'MIBR', 5),
(51, 'IEM Katowice 2025', 'Mirage', '2025-01-13 14:00:00', 'Faze Clan', 16, 'G2 Esports', 12),
(52, 'IEM Katowice 2025', 'Inferno', '2025-01-13 15:30:00', 'NaVi', 16, 'Vitality', 9),
(53, 'IEM Katowice 2025', 'Dust2', '2025-01-14 12:00:00', 'Heroic', 16, 'Team Spirit', 14),
(54, 'IEM Katowice 2025', 'Nuke', '2025-01-14 13:45:00', 'Cloud9', 16, 'Astralis', 10),
(55, 'IEM Katowice 2025', 'Vertigo', '2025-01-15 11:00:00', 'Furia', 16, 'MIBR', 8),
(56, 'ESL Pro League S19', 'Overpass', '2025-02-08 09:00:00', 'Faze Clan', 16, 'Vitality', 13),
(57, 'ESL Pro League S19', 'Ancient', '2025-02-08 10:30:00', 'NaVi', 16, 'G2 Esports', 11),
(58, 'ESL Pro League S19', 'Anubis', '2025-02-09 08:00:00', 'Heroic', 16, 'Furia', 7),
(59, 'ESL Pro League S19', 'Cache', '2025-02-09 09:45:00', 'Cloud9', 16, 'MIBR', 9),
(60, 'ESL Pro League S19', 'Train', '2025-02-10 07:00:00', 'Astralis', 16, 'Team Spirit', 12),
(61, 'Blast Premier 2025', 'Mirage', '2025-03-18 16:00:00', 'Faze Clan', 16, 'NaVi', 14),
(62, 'Blast Premier 2025', 'Inferno', '2025-03-18 17:30:00', 'G2 Esports', 16, 'Vitality', 10),
(63, 'Blast Premier 2025', 'Dust2', '2025-03-19 15:00:00', 'Heroic', 16, 'Cloud9', 8),
(64, 'Blast Premier 2025', 'Nuke', '2025-03-19 16:45:00', 'Furia', 16, 'Astralis', 12),
(65, 'Blast Premier 2025', 'Vertigo', '2025-03-20 14:00:00', 'Team Spirit', 16, 'MIBR', 6),
(66, 'PGL Major 2025', 'Overpass', '2025-04-23 10:00:00', 'Faze Clan', 16, 'G2 Esports', 9),
(67, 'PGL Major 2025', 'Ancient', '2025-04-23 11:30:00', 'NaVi', 16, 'Vitality', 14),
(68, 'PGL Major 2025', 'Anubis', '2025-04-24 09:00:00', 'Heroic', 16, 'Team Spirit', 11),
(69, 'PGL Major 2025', 'Cache', '2025-04-24 10:45:00', 'Cloud9', 16, 'Furia', 13),
(70, 'PGL Major 2025', 'Train', '2025-04-25 08:00:00', 'Astralis', 16, 'MIBR', 7),
(71, 'IEM Cologne 2025', 'Mirage', '2025-05-15 13:00:00', 'Faze Clan', 16, 'Vitality', 10),
(72, 'IEM Cologne 2025', 'Inferno', '2025-05-15 14:30:00', 'NaVi', 16, 'G2 Esports', 8),
(73, 'IEM Cologne 2025', 'Dust2', '2025-05-16 12:00:00', 'Heroic', 16, 'Cloud9', 12),
(74, 'IEM Cologne 2025', 'Nuke', '2025-05-16 13:45:00', 'Furia', 16, 'Astralis', 14),
(75, 'IEM Cologne 2025', 'Vertigo', '2025-05-17 11:00:00', 'Team Spirit', 16, 'MIBR', 9),
(76, 'ESL One 2025', 'Overpass', '2025-06-11 15:00:00', 'Faze Clan', 16, 'NaVi', 13),
(77, 'ESL One 2025', 'Ancient', '2025-06-11 16:30:00', 'G2 Esports', 16, 'Vitality', 11),
(78, 'ESL One 2025', 'Anubis', '2025-06-12 14:00:00', 'Heroic', 16, 'Furia', 7),
(79, 'ESL One 2025', 'Cache', '2025-06-12 15:45:00', 'Cloud9', 16, 'Team Spirit', 14),
(80, 'ESL One 2025', 'Train', '2025-06-13 13:00:00', 'Astralis', 16, 'MIBR', 5),
(81, 'Blast World Final 2025', 'Mirage', '2025-07-25 18:00:00', 'Faze Clan', 16, 'G2 Esports', 12),
(82, 'Blast World Final 2025', 'Inferno', '2025-07-25 19:30:00', 'NaVi', 16, 'Vitality', 9),
(83, 'Blast World Final 2025', 'Dust2', '2025-07-26 17:00:00', 'Heroic', 16, 'Team Spirit', 14),
(84, 'Blast World Final 2025', 'Nuke', '2025-07-26 18:45:00', 'Cloud9', 16, 'Astralis', 10),
(85, 'Blast World Final 2025', 'Vertigo', '2025-07-27 16:00:00', 'Furia', 16, 'MIBR', 8),
(86, 'IEM Rio 2025', 'Overpass', '2025-08-17 20:00:00', 'Faze Clan', 16, 'Vitality', 13),
(87, 'IEM Rio 2025', 'Ancient', '2025-08-17 21:30:00', 'NaVi', 16, 'G2 Esports', 11),
(88, 'IEM Rio 2025', 'Anubis', '2025-08-18 19:00:00', 'Heroic', 16, 'Furia', 7),
(89, 'IEM Rio 2025', 'Cache', '2025-08-18 20:45:00', 'Cloud9', 16, 'MIBR', 9),
(90, 'IEM Rio 2025', 'Train', '2025-08-19 18:00:00', 'Astralis', 16, 'Team Spirit', 12),
(91, 'Thunderpick WC 2025', 'Mirage', '2025-09-08 12:00:00', 'Faze Clan', 16, 'NaVi', 14),
(92, 'Thunderpick WC 2025', 'Inferno', '2025-09-08 13:30:00', 'G2 Esports', 16, 'Vitality', 10),
(93, 'Thunderpick WC 2025', 'Dust2', '2025-09-09 11:00:00', 'Heroic', 16, 'Cloud9', 8),
(94, 'Thunderpick WC 2025', 'Nuke', '2025-09-09 12:45:00', 'Furia', 16, 'Astralis', 12),
(95, 'Thunderpick WC 2025', 'Vertigo', '2025-09-10 10:00:00', 'Team Spirit', 16, 'MIBR', 6),
(96, 'Gamers8 2025', 'Overpass', '2025-10-13 22:00:00', 'Faze Clan', 16, 'G2 Esports', 9),
(97, 'Gamers8 2025', 'Ancient', '2025-10-13 23:30:00', 'NaVi', 16, 'Vitality', 14),
(98, 'Gamers8 2025', 'Anubis', '2025-10-14 21:00:00', 'Heroic', 16, 'Team Spirit', 11),
(99, 'Gamers8 2025', 'Cache', '2025-10-14 22:45:00', 'Cloud9', 16, 'Furia', 13),
(100, 'Gamers8 2025', 'Train', '2025-10-15 20:00:00', 'Astralis', 16, 'MIBR', 7),
(101, 'IEM Katowice 2025', 'Mirage', '2025-01-16 14:00:00', 'Faze Clan', 13, 'NaVi', 16),
(102, 'IEM Katowice 2025', 'Inferno', '2025-01-16 15:30:00', 'G2 Esports', 16, 'Vitality', 14),
(103, 'IEM Katowice 2025', 'Dust2', '2025-01-17 12:00:00', 'Heroic', 16, 'Furia', 9),
(104, 'IEM Katowice 2025', 'Nuke', '2025-01-17 13:45:00', 'Cloud9', 10, 'MIBR', 16),
(105, 'IEM Katowice 2025', 'Vertigo', '2025-01-18 11:00:00', 'Team Spirit', 16, 'Astralis', 14),
(106, 'ESL Pro League S19', 'Overpass', '2025-02-11 09:00:00', 'NaVi', 16, 'G2 Esports', 11),
(107, 'ESL Pro League S19', 'Ancient', '2025-02-11 10:30:00', 'Vitality', 13, 'Faze Clan', 16),
(108, 'ESL Pro League S19', 'Anubis', '2025-02-12 08:00:00', 'Furia', 16, 'Cloud9', 8),
(109, 'ESL Pro League S19', 'Cache', '2025-02-12 09:45:00', 'MIBR', 7, 'Heroic', 16),
(110, 'ESL Pro League S19', 'Train', '2025-02-13 07:00:00', 'Astralis', 16, 'Team Spirit', 10),
(111, 'Blast Premier 2025', 'Mirage', '2025-03-21 16:00:00', 'Faze Clan', 16, 'Vitality', 14),
(112, 'Blast Premier 2025', 'Inferno', '2025-03-21 17:30:00', 'NaVi', 16, 'G2 Esports', 9),
(113, 'Blast Premier 2025', 'Dust2', '2025-03-22 15:00:00', 'Heroic', 11, 'Furia', 16),
(114, 'Blast Premier 2025', 'Nuke', '2025-03-22 16:45:00', 'Cloud9', 16, 'MIBR', 12),
(115, 'Blast Premier 2025', 'Vertigo', '2025-03-23 14:00:00', 'Team Spirit', 16, 'Astralis', 13),
(116, 'PGL Major 2025', 'Overpass', '2025-04-26 10:00:00', 'Faze Clan', 16, 'NaVi', 10),
(117, 'PGL Major 2025', 'Ancient', '2025-04-26 11:30:00', 'G2 Esports', 16, 'Vitality', 7),
(118, 'PGL Major 2025', 'Anubis', '2025-04-27 09:00:00', 'Heroic', 14, 'Cloud9', 16),
(119, 'PGL Major 2025', 'Cache', '2025-04-27 10:45:00', 'Furia', 16, 'MIBR', 5),
(120, 'PGL Major 2025', 'Train', '2025-04-28 08:00:00', 'Astralis', 16, 'Team Spirit', 11),
(121, 'IEM Cologne 2025', 'Mirage', '2025-05-18 13:00:00', 'Faze Clan', 16, 'G2 Esports', 12),
(122, 'IEM Cologne 2025', 'Inferno', '2025-05-18 14:30:00', 'NaVi', 16, 'Vitality', 9),
(123, 'IEM Cologne 2025', 'Dust2', '2025-05-19 12:00:00', 'Heroic', 16, 'Team Spirit', 14),
(124, 'IEM Cologne 2025', 'Nuke', '2025-05-19 13:45:00', 'Cloud9', 16, 'Astralis', 10),
(125, 'IEM Cologne 2025', 'Vertigo', '2025-05-20 11:00:00', 'Furia', 16, 'MIBR', 8),
(126, 'ESL One 2025', 'Overpass', '2025-06-14 15:00:00', 'Faze Clan', 16, 'Vitality', 13),
(127, 'ESL One 2025', 'Ancient', '2025-06-14 16:30:00', 'NaVi', 16, 'G2 Esports', 11),
(128, 'ESL One 2025', 'Anubis', '2025-06-15 14:00:00', 'Heroic', 16, 'Furia', 7),
(129, 'ESL One 2025', 'Cache', '2025-06-15 15:45:00', 'Cloud9', 16, 'MIBR', 9),
(130, 'ESL One 2025', 'Train', '2025-06-16 13:00:00', 'Astralis', 16, 'Team Spirit', 12),
(131, 'Blast World Final 2025', 'Mirage', '2025-07-28 18:00:00', 'Faze Clan', 16, 'NaVi', 14),
(132, 'Blast World Final 2025', 'Inferno', '2025-07-28 19:30:00', 'G2 Esports', 16, 'Vitality', 10),
(133, 'Blast World Final 2025', 'Dust2', '2025-07-29 17:00:00', 'Heroic', 16, 'Cloud9', 8),
(134, 'Blast World Final 2025', 'Nuke', '2025-07-29 18:45:00', 'Furia', 16, 'Astralis', 12),
(135, 'Blast World Final 2025', 'Vertigo', '2025-07-30 16:00:00', 'Team Spirit', 16, 'MIBR', 6),
(136, 'IEM Rio 2025', 'Overpass', '2025-08-20 20:00:00', 'Faze Clan', 16, 'G2 Esports', 9),
(137, 'IEM Rio 2025', 'Ancient', '2025-08-20 21:30:00', 'NaVi', 16, 'Vitality', 14),
(138, 'IEM Rio 2025', 'Anubis', '2025-08-21 19:00:00', 'Heroic', 16, 'Team Spirit', 11),
(139, 'IEM Rio 2025', 'Cache', '2025-08-21 20:45:00', 'Cloud9', 16, 'Furia', 13),
(140, 'IEM Rio 2025', 'Train', '2025-08-22 18:00:00', 'Astralis', 16, 'MIBR', 7),
(141, 'Thunderpick WC 2025', 'Mirage', '2025-09-11 12:00:00', 'Faze Clan', 16, 'Vitality', 10),
(142, 'Thunderpick WC 2025', 'Inferno', '2025-09-11 13:30:00', 'NaVi', 16, 'G2 Esports', 8),
(143, 'Thunderpick WC 2025', 'Dust2', '2025-09-12 11:00:00', 'Heroic', 16, 'Cloud9', 12),
(144, 'Thunderpick WC 2025', 'Nuke', '2025-09-12 12:45:00', 'Furia', 16, 'Astralis', 14),
(145, 'Thunderpick WC 2025', 'Vertigo', '2025-09-13 10:00:00', 'Team Spirit', 16, 'MIBR', 9),
(146, 'Gamers8 2025', 'Overpass', '2025-10-16 22:00:00', 'Faze Clan', 16, 'NaVi', 13),
(147, 'Gamers8 2025', 'Ancient', '2025-10-16 23:30:00', 'G2 Esports', 16, 'Vitality', 11),
(148, 'Gamers8 2025', 'Anubis', '2025-10-17 21:00:00', 'Heroic', 16, 'Furia', 7),
(149, 'Gamers8 2025', 'Cache', '2025-10-17 22:45:00', 'Cloud9', 16, 'Team Spirit', 14),
(150, 'Gamers8 2025', 'Train', '2025-10-18 20:00:00', 'Astralis', 16, 'MIBR', 5),
(151, 'IEM Katowice 2025', 'Mirage', '2025-01-19 14:00:00', 'Faze Clan', 16, 'G2 Esports', 12),
(152, 'IEM Katowice 2025', 'Inferno', '2025-01-19 15:30:00', 'NaVi', 16, 'Vitality', 9),
(153, 'IEM Katowice 2025', 'Dust2', '2025-01-20 12:00:00', 'Heroic', 16, 'Team Spirit', 14),
(154, 'IEM Katowice 2025', 'Nuke', '2025-01-20 13:45:00', 'Cloud9', 16, 'Astralis', 10),
(155, 'IEM Katowice 2025', 'Vertigo', '2025-01-21 11:00:00', 'Furia', 16, 'MIBR', 8),
(156, 'ESL Pro League S19', 'Overpass', '2025-02-14 09:00:00', 'Faze Clan', 16, 'Vitality', 13),
(157, 'ESL Pro League S19', 'Ancient', '2025-02-14 10:30:00', 'NaVi', 16, 'G2 Esports', 11),
(158, 'ESL Pro League S19', 'Anubis', '2025-02-15 08:00:00', 'Heroic', 16, 'Furia', 7),
(159, 'ESL Pro League S19', 'Cache', '2025-02-15 09:45:00', 'Cloud9', 16, 'MIBR', 9),
(160, 'ESL Pro League S19', 'Train', '2025-02-16 07:00:00', 'Astralis', 16, 'Team Spirit', 12),
(161, 'Blast Premier 2025', 'Mirage', '2025-03-24 16:00:00', 'Faze Clan', 16, 'NaVi', 14),
(162, 'Blast Premier 2025', 'Inferno', '2025-03-24 17:30:00', 'G2 Esports', 16, 'Vitality', 10),
(163, 'Blast Premier 2025', 'Dust2', '2025-03-25 15:00:00', 'Heroic', 16, 'Cloud9', 8),
(164, 'Blast Premier 2025', 'Nuke', '2025-03-25 16:45:00', 'Furia', 16, 'Astralis', 12),
(165, 'Blast Premier 2025', 'Vertigo', '2025-03-26 14:00:00', 'Team Spirit', 16, 'MIBR', 6),
(166, 'PGL Major 2025', 'Overpass', '2025-04-29 10:00:00', 'Faze Clan', 16, 'G2 Esports', 9),
(167, 'PGL Major 2025', 'Ancient', '2025-04-29 11:30:00', 'NaVi', 16, 'Vitality', 14),
(168, 'PGL Major 2025', 'Anubis', '2025-04-30 09:00:00', 'Heroic', 16, 'Team Spirit', 11),
(169, 'PGL Major 2025', 'Cache', '2025-04-30 10:45:00', 'Cloud9', 16, 'Furia', 13),
(170, 'PGL Major 2025', 'Train', '2025-05-01 08:00:00', 'Astralis', 16, 'MIBR', 7),
(171, 'IEM Cologne 2025', 'Mirage', '2025-05-21 13:00:00', 'Faze Clan', 16, 'Vitality', 10),
(172, 'IEM Cologne 2025', 'Inferno', '2025-05-21 14:30:00', 'NaVi', 16, 'G2 Esports', 8),
(173, 'IEM Cologne 2025', 'Dust2', '2025-05-22 12:00:00', 'Heroic', 16, 'Cloud9', 12),
(174, 'IEM Cologne 2025', 'Nuke', '2025-05-22 13:45:00', 'Furia', 16, 'Astralis', 14),
(175, 'IEM Cologne 2025', 'Vertigo', '2025-05-23 11:00:00', 'Team Spirit', 16, 'MIBR', 9),
(176, 'ESL One 2025', 'Overpass', '2025-06-17 15:00:00', 'Faze Clan', 16, 'NaVi', 13),
(177, 'ESL One 2025', 'Ancient', '2025-06-17 16:30:00', 'G2 Esports', 16, 'Vitality', 11),
(178, 'ESL One 2025', 'Anubis', '2025-06-18 14:00:00', 'Heroic', 16, 'Furia', 7),
(179, 'ESL One 2025', 'Cache', '2025-06-18 15:45:00', 'Cloud9', 16, 'Team Spirit', 14),
(180, 'ESL One 2025', 'Train', '2025-06-19 13:00:00', 'Astralis', 16, 'MIBR', 5),
(181, 'Blast World Final 2025', 'Mirage', '2025-07-31 18:00:00', 'Faze Clan', 16, 'G2 Esports', 12),
(182, 'Blast World Final 2025', 'Inferno', '2025-07-31 19:30:00', 'NaVi', 16, 'Vitality', 9),
(183, 'Blast World Final 2025', 'Dust2', '2025-08-01 17:00:00', 'Heroic', 16, 'Team Spirit', 14),
(184, 'Blast World Final 2025', 'Nuke', '2025-08-01 18:45:00', 'Cloud9', 16, 'Astralis', 10),
(185, 'Blast World Final 2025', 'Vertigo', '2025-08-02 16:00:00', 'Furia', 16, 'MIBR', 8),
(186, 'IEM Rio 2025', 'Overpass', '2025-08-23 20:00:00', 'Faze Clan', 16, 'Vitality', 13),
(187, 'IEM Rio 2025', 'Ancient', '2025-08-23 21:30:00', 'NaVi', 16, 'G2 Esports', 11),
(188, 'IEM Rio 2025', 'Anubis', '2025-08-24 19:00:00', 'Heroic', 16, 'Furia', 7),
(189, 'IEM Rio 2025', 'Cache', '2025-08-24 20:45:00', 'Cloud9', 16, 'MIBR', 9),
(190, 'IEM Rio 2025', 'Train', '2025-08-25 18:00:00', 'Astralis', 16, 'Team Spirit', 12),
(191, 'Thunderpick WC 2025', 'Mirage', '2025-09-14 12:00:00', 'Faze Clan', 16, 'NaVi', 14),
(192, 'Thunderpick WC 2025', 'Inferno', '2025-09-14 13:30:00', 'G2 Esports', 16, 'Vitality', 10),
(193, 'Thunderpick WC 2025', 'Dust2', '2025-09-15 11:00:00', 'Heroic', 16, 'Cloud9', 8),
(194, 'Thunderpick WC 2025', 'Nuke', '2025-09-15 12:45:00', 'Furia', 16, 'Astralis', 12),
(195, 'Thunderpick WC 2025', 'Vertigo', '2025-09-16 10:00:00', 'Team Spirit', 16, 'MIBR', 6),
(196, 'Gamers8 2025', 'Overpass', '2025-10-19 22:00:00', 'Faze Clan', 16, 'G2 Esports', 9),
(197, 'Gamers8 2025', 'Ancient', '2025-10-19 23:30:00', 'NaVi', 16, 'Vitality', 14),
(198, 'Gamers8 2025', 'Anubis', '2025-10-20 21:00:00', 'Heroic', 16, 'Team Spirit', 11),
(199, 'Gamers8 2025', 'Cache', '2025-10-20 22:45:00', 'Cloud9', 16, 'Furia', 13),
(200, 'Gamers8 2025', 'Train', '2025-10-21 20:00:00', 'Astralis', 16, 'MIBR', 7);

----------------------------------- Tabela times -----------------------------------

CREATE TABLE times (
    time_id SERIAL PRIMARY KEY,
    nome_time VARCHAR(100) NOT NULL,
    pais VARCHAR(50),
    data_fundacao DATE,
    ranking_atual INT
);

INSERT INTO times (nome_time, pais, data_fundacao, ranking_atual) VALUES
('Faze Clan', 'Internacional', '2016-01-01', 1),
('NaVi', 'Ucrânia', '2009-12-17', 2),
('G2 Esports', 'Europa', '2014-10-15', 3),
('Vitality', 'França', '2013-08-01', 4),
('Heroic', 'Dinamarca', '2016-08-01', 5),
('Furia', 'Brasil', '2017-01-01', 6),
('Cloud9', 'Estados Unidos', '2014-08-01', 7),
('MIBR', 'Brasil', '2003-01-01', 8),
('Team Spirit', 'Rússia', '2015-09-01', 9),
('Astralis', 'Dinamarca', '2016-01-01', 10); 

----------------------------------- Tabela eventos -----------------------------------

CREATE TABLE eventos (
    evento_id SERIAL PRIMARY KEY,
    nome_evento VARCHAR(255) NOT NULL,
    organizador VARCHAR(100) NOT NULL,
    localizacao VARCHAR(100),
    data_inicio DATE,
    data_fim DATE
);

INSERT INTO eventos (nome_evento, organizador, localizacao, data_inicio, data_fim) VALUES
('IEM Katowice 2025', 'ESL', 'Katowice, Polônia', '2025-01-10', '2025-01-25'),
('ESL Pro League S19', 'ESL', 'Online/Europe', '2025-02-05', '2025-02-16'),
('Blast Premier 2025', 'Blast', 'Copenhagen, Dinamarca', '2025-03-15', '2025-03-30'),
('PGL Major 2025', 'PGL', 'Bucareste, Romênia', '2025-04-20', '2025-05-04'),
('IEM Cologne 2025', 'ESL', 'Colônia, Alemanha', '2025-05-12', '2025-05-25'),
('ESL One 2025', 'ESL', 'Berlim, Alemanha', '2025-06-08', '2025-06-15'),
('Blast World Final 2025', 'Blast', 'Abu Dhabi, EAU', '2025-07-22', '2025-07-27'),
('IEM Rio 2025', 'ESL', 'Rio de Janeiro, Brasil', '2025-08-14', '2025-08-24'),
('Thunderpick WC 2025', 'Thunderpick', 'Online/Global', '2025-09-05', '2025-09-16'),
('Gamers8 2025', 'Saudi Esports Federation', 'Riade, Arábia Saudita', '2025-10-10', '2025-10-21')
